shortcode,caption,alt_text,ocr_text,age_days,likes,comments,collected_at
DKr4CtviqQE,"RECAP de SUNKISSED RUN by @dashandstars âœ¨
Un domingo de Sol, playa, running, almuerzo saludable en @bluewave_bybitacora y buenas vibes. QuÃ© mÃ¡s se puede pedir? â˜ºï¸
Gracias a todas las que vinisteis.
Nos vemos en la prÃ³xima! ğŸƒâ€â™€ï¸",,,1,47,4,2025-06-10T15:58:21.206192+00:00
DKZ7wBssyc9,"GRVL RUN

Ahir vam provar les noves Aero Glide 3 GRVL de @salomon.spain , pensades per a terrenys tipus gravelâ€¦ i Banyoles era el lloc perfecte per posar-les a prova.

Volta a lâ€™Estany, bon ambient, brunch i piscineo a @casamauibanyoles ! 
Name a better plan!! ğŸ˜",,,7,124,5,2025-06-10T15:58:23.209196+00:00
DKIEC5XiNhw,"âœ¨ SAVE THE DATE: 8 de junio
ğŸ“ Playa de Santa Pola

PrepÃ¡rate para una maÃ±ana con sol, running suave y vibes de verano ğŸŒ
Carrerita en grupo, brunch en @bluewave_bybitacora y detallito de @dashandstars ğŸ

âš ï¸ Plazas muy limitadas
ğŸ‘‰ğŸ¼ MÃ¡s info e inscripciones en la BIO",,,14,80,8,2025-06-10T15:58:24.562434+00:00
DKBytR8sGbH,"âœ¨SAVE THE DATE: 1 de juny! 
ğŸ“Banyoles 

Prepareu-vos per una sortida molt especial amb sorpresa! ğŸ«¶ğŸ¼

Farem un test de les noves Salomon Aero Glide 3 GRVL (acabades de sortir!) amb social run dâ€™uns 10k des de @casamauibanyoles (Banyoles), brunch final i, si el temps acompanya, banyet a la piscina! ğŸƒğŸ¼â€â™€ï¸ğŸ“ğŸŠğŸ½â€â™€ï¸

ğŸ Regals i sortejos TOP per a totes!
âš ï¸ Places limitades segons talles disponibles!

ğŸ‘‰ğŸ¼ Si vols venir, enviaâ€™m un privat i tâ€™explico com reservar la teva plaÃ§a!

@salomon.spain",,,17,60,3,2025-06-10T15:58:25.197333+00:00
DKAEgxvM3UX,"LACE UP RUN ğŸ‘Ÿ 

Ayer disfrutamos de un jueves diferente en Elche! 
En la tienda de @beurbanrunning Elche, aprendimos cÃ³mo escoger las zapatillas de running adecuadas gracias a @podologiacs
Luego, salimos a correr 5k para testear juntas las @on CloudSurfer2 ğŸƒğŸ½â€â™€ï¸
Volvimos a la tienda para disfrutar de un recovery ğŸ§ƒ y hablar de mucho running. ğŸ¥°

ğŸ“¸ @mikemanitasfotografia",,,18,85,8,2025-06-10T15:58:27.752863+00:00
DJ00s8itR12eL4DQO1CpJyumNacXfkbl4Zyu-A0,"Primer SOCIAL RUN de @sisterhoodrunningclub a Reus! Vine amb nosaltres els dimarts a les 20h
#Socialrun #runningclub #reus",,,22,3,0,2025-06-10T15:58:28.831981+00:00
DJl3dmcM_5t,"RUNdeo vibesğŸ”¥

Un recap dâ€™algunes fotos del divendres passat al RUNdeo (Run+tardeo) al @jardinsgala ğŸ¸ğŸƒğŸ½â€â™€ï¸

GrÃ cies a tots els que vau venir ğŸ¥³
A @quetzal.sports ğŸ½, @naakbars ğŸ« i @pranarom_es ğŸ¦µğŸ½

ğŸ§ @didac_balaguer 
ğŸ“¸ @70pts (sempre a les millors mans ğŸ˜˜)",,,28,167,5,2025-06-10T15:58:30.515051+00:00
DJKEt4iCSeY,"Â¿Sabes si estÃ¡s corriendo con el calzado adecuado?
Spoiler: puede que no.
Por eso, llega LACE UP RUN  a ElcheğŸƒâ€â™€ï¸

ğŸ“† jueves, 22 de mayo 
ğŸ•¢ 19:30h 
ğŸ“ Be Urban Running Elche 

- Mastertalk sobre cÃ³mo elegir tus zapatillas con Carlos Sempere @podologiacs 
- Social running 7k + test (opcional) de las zapatillas On CloudSurfer 2
- Recovery By @beurbanrunning Elche ğŸŒ´

Evento mixto ğŸƒğŸƒâ€â™‚ï¸

Inscripciones en el Link de la BIO!",,,38,53,1,2025-06-10T15:58:32.929898+00:00
DJE3fZ7sJTK,"ğŸ‰ El passat 13 dâ€™abril vam celebrar el 2n aniversari de #SisterhoodRC com mÃ©s ens agrada: corrent juntes!
ğŸƒğŸ½â€â™€ï¸ Aquesta vegada a la #SalomonRun Barcelona, una cursa Ãºnica entre escales, vistes i bon ambient!
GrÃ cies @salomon.spain , per deixar-nos formar part dâ€™aquest esdeveniment tan especial ğŸ’œ
I grÃ cies a totes les que vau venir a compartir quilÃ²metres i somriures!

#SisterhoodRunningClub #RunLikeAWoman #BarcelonaRunners #SalomonRun",,,41,70,9,2025-06-10T15:58:43.176174+00:00
DI9SYL4s9O_,"RUNdeo ~ Run + Tardeo ğŸƒâ€â™€ï¸ğŸ·âœ¨
Divendres 9 de maig 
Social run per Girona i tardeo al @jardinsgala 

ğŸ§ DJ @didac_balaguer 
ğŸ“¸ FotÃ²graf @70pts 
ğŸ» Begudes + pica-pica
ğŸ Sorpreses per tothom
ğŸ§¥ Guarda-roba i pÃ rquing per bicis
ğŸ½ï¸ 10% de descompte per sopar al Jardins Gala (nomÃ©s dient que vens del RUNdeo!)

Mixt i obert a tothom! Vens? ğŸ˜
Link per apuntar-te a la biografia",,,43,96,4,2025-06-10T15:58:44.854344+00:00
DIwTZXiC7yp,"Recap del AFTERWORK by @dashandstars âœ¨
AsÃ­ fue nuestro planazo pre-puente:
- Vuelta al rÃ­o (7k) ğŸ‘Ÿ
- ğŸ¥¤Recovery post-run en @achavo.bar ,nos lo ganamos!
- Buenas vibes, correr juntas siempre es mejor ğŸ’œ",,,48,72,5,2025-06-10T15:58:47.058464+00:00
DIZSu6xMGGc,"Este jueves, en Elche, tenemos PLANAZO junto con @dashandstars 

EncontrarÃ¡s el link con toda la info en nuestro perfil!",,,57,52,0,2025-06-10T15:58:48.666954+00:00
DH856Sxs-cY,Calendari dâ€™abril ğŸ—“ï¸,,,68,72,4,2025-06-10T15:58:54.448465+00:00
DHyDwA-Mkzg,"ğŸ’¥ğŸƒğŸ½â€â™€ï¸Chicas de #Elche! AquÃ­ tenÃ©is plan para el 6 de abril! ğŸ“¢

Os dejamos link en la bio!",,,73,50,0,2025-06-10T15:58:55.110024+00:00
DHmHuKux-mY,Una mica de @sisterhoodrunningclub & @personaltraininglounge ğŸ“¸ğŸƒâ€â™€ï¸ #sonyalpha #alpha,,,77,3,7,2025-06-10T15:58:55.765253+00:00
DHLZ0ipM-aH,"Recap de lâ€™esdeveniment de diumenge passat amb @personaltraininglounge ğŸ¤¸ğŸ½ğŸƒğŸ½â€â™€ï¸
Un run passat per aigua, perÃ² sÃºper disfruton ğŸ˜â˜”ï¸

ğŸ“¸ @70pts",,,88,111,3,2025-06-10T15:58:56.275992+00:00
DHG15liMZpS,"VÃ­deo recap de lâ€™esdeveniment que vam fer el passat diumenge dia 9 de marÃ§ per celebrar el Dia de la Dona, i amb colÂ·laboraciÃ³ amb @personaltraininglounge 
ğŸ’œ",,,89,144,8,2025-06-10T15:58:58.262326+00:00
DHGVCQFssC_,"Blabla run 

ğŸ“¸ @70pts",,,90,61,1,2025-06-10T15:59:01.759005+00:00
DG76St4MlwS,"ğŸƒğŸ½â€â™€ï¸ğŸƒğŸ¼â€â™€ï¸Avui no correm, avui volem! ğŸ’œâœ¨

PerquÃ¨ cÃ³rrer Ã©s llibertat, perÃ² volar Ã©s saber que som imparables. 
Corrent juntes teâ€™n adones que cada una de nosaltres tÃ© la seva prÃ²pia histÃ²ria: la que es posa les vambes de cÃ³rrer per primer cop, la que es marca un repte i el supera, i la que no el supera, la que es lleva de matinada per sortir, la que ho fa a Ãºltima hora del vespre tot i el cansament, la que compagina famÃ­lia i feina i tot i aixÃ­ troba una estoneta, per les vegades que correm amb son, amb presses o buscant un moment, i per mil coses mÃ©s, i tot i aixÃ­, disfrutem dâ€™aquest camÃ­! 

No correm nomÃ©s per arribar mÃ©s lluny. Correm per deixar petjada. 
Correm per totes, i juntes fem camÃ­! I avui, volem alt. ğŸš€ğŸ’œ

FeliÃ§ dia de la Dona ğŸšº",,,94,89,4,2025-06-10T15:59:03.204593+00:00
DGvLY3sMpwn,"LAST CALL!! ğŸ“¢

Diumenge 9 de marÃ§ i coincidint amb em cap de setmana del Dia de la Dona, farem el segon Dash and Stars run, aquest cop per Girona ğŸƒğŸ½â€â™€ï¸.

Escalfament previ a @personaltraininglounge , run dâ€™ 11 o 15km, tu tries! I tornarem per esmorzar totes juntes!

Tâ€™apuntes?? Tens el link a la bio! âœğŸ¼",,,99,77,2,2025-06-10T15:59:07.602665+00:00
DGlc_MFsppr,"I tu, prefereixes correr sola o amb companyia? 

#sisterhood #sisterhoodrunningclub #comunidad #community #running #runningcommunity #girlsrunning",,,102,80,1,2025-06-10T15:59:14.672814+00:00
DGlcs_FMqiN,,,,102,19,0,2025-06-10T15:59:15.674467+00:00
DGNqB9BsXdf,Brunch time: the real post run recovery! ğŸ¥‘ğŸ§¢,,,112,126,0,2025-06-10T15:59:17.225880+00:00
DGLmcY5s_oN,"Run, laugh, repeat! 
ğŸƒğŸ½â€â™€ï¸ğŸ˜ğŸ’œ

ğŸ“¸ @70pts",,,112,88,0,2025-06-10T15:59:18.378011+00:00
DF-w13WsWgP,"Dash and Stars Run ğŸ’œ

Diumenge vam viure un mati top a Banyoles amb el nostre primer Dash and Stars Run! ğŸƒğŸ½â€â™€ï¸ğŸ’¥
Vam cÃ³rrer la volta a lâ€™Estany (algunes dues!), vam gaudir del solet i vam fer un sÃºper brunch! â˜€ï¸ğŸ¥‘ğŸ”ï¸

@70pts ğŸ“¸",,,117,156,7,2025-06-10T15:59:22.151876+00:00
DF5ptmdMMgF,"Dash and Stars Run! ğŸ’œ

Quin matÃ­ mÃ©s top vam passar ahir a Banyoles ğŸƒğŸ½â€â™€ï¸ğŸ’¥!
Vam fer la volta a lâ€™Estany (o algunes dues!!), vam gaudir dâ€™un paisatge espectacular â›°ï¸, dâ€™un solet brutal â˜€ï¸, i dâ€™una companyia immillorable ğŸ¥³! I vam acabar gaudint dâ€™un sÃºper brunch a lâ€™ @aquariumbanyoles ğŸ¥‘ğŸ¥! 

Spoiler alert ğŸš¨serem unes pesades amb les fotos taaant brutals que ens va fer @70pts 

#dashandstars #sisterhood #sisterhoodrunningclub #dashandstarsrun",,,119,112,6,2025-06-10T15:59:24.768573+00:00
DFvQKYksIe_,,,,123,16,0,2025-06-10T15:59:27.885501+00:00
DFsLvO0M5ZS,"Running is more than a sport
- itâ€™s a mindset!",,,125,71,0,2025-06-10T15:59:29.217268+00:00
DFqMHNJsruy,Sisterhood in motion!,,,125,36,1,2025-06-10T15:59:35.851740+00:00
DFnkrurMwAC,Running is better with sisters by your side.,,,126,33,0,2025-06-10T15:59:36.989127+00:00
DFhWOZXMYuw,Sunday long runs are better with Sisterhood.,,,129,57,0,2025-06-10T15:59:38.096522+00:00
DFcwrSmsMx4,Quan tâ€™agrada mÃ©s entrenar?,,,131,23,0,2025-06-10T15:59:39.742601+00:00
DE__4NXs_cs,"Winter miles bring summer miles.
Keep running, no matter the season!",,,142,50,0,2025-06-10T15:59:40.293611+00:00
DE9hWyeseCw,Running isnâ€™t just a solo mission,,,143,35,0,2025-06-10T15:59:43.090976+00:00
DE7OhMDsJED,"If we are not running, we are cheering âœŒğŸ¼
Or both!",,,144,39,0,2025-06-10T15:59:44.832222+00:00
DEM4gCOMliP,"ATHLETIKS NIGHT OUT ğŸ’¥

@athletiks.io",,,162,120,5,2025-06-10T15:59:46.382883+00:00
DDwm-EpsmjH,,,,173,41,0,2025-06-10T15:59:51.871634+00:00
DDwietuML-R,Missing the summer runs,,,173,50,0,2025-06-10T15:59:55.650665+00:00
DDnJGoOxhiW,"RUN&ART

Avui hem fet la sortida pre-Xmas ğŸ„ğŸ…ğŸ¼ hem fet un social run ğŸƒğŸ½â€â™€ï¸, desprÃ©s hem agafat forces amb un bon coffee i un mini brunch ğŸ’ªğŸ¼â˜•ï¸, i per acabar, hem pintat cerÃ mica a @petals_dart ğŸ¨.
Un matÃ­ top! GrÃ cies a totes per venir ğŸ’œ",,,176,70,4,2025-06-10T15:59:58.625817+00:00
DDnJDH-RNyA,"Easy run and blablabla! 
Thatâ€™s how we roll! ğŸƒâ€â™€ï¸ğŸ—£ï¸",,,176,64,1,2025-06-10T16:00:01.170420+00:00
DDRvp-isKNy,"âš ï¸SÃšPER NOTICIAâš ï¸

La comunidad Sisterhood crece, nos vamos a ELCHE! ğŸ¥³ 

El prÃ³ximo domingo 22 de diciembre, haremos nuestra primera salida!! AsÃ­ que chicas de Elche, Â¡Â¡nos os la podÃ©is perder!!ğŸ™ŒğŸ½

Haremos un ğŸƒğŸ½â€â™€ï¸social run de unos 7 km pasando por el centro de Elche y por la ladera del rÃ­o VinalopÃ³.
Y terminaremos la ruta en la cafeterÃ­a mÃ¡s fancy de la ciudad @flamingo.bf â˜•ï¸ğŸ¥ğŸ¥ğŸ’•

Tienes toda la info en el siguiente link! (Es imprescindible que te apuntes para asistir)

https://athletiks.io/ca/events/pre-xmas-runbrunch-elche-22-de-desembre-del-2024-4a18fe

(Lo dejamos tambiÃ©n en el perfil!)

AsÃ­ que chicas runners de Elche, nos vemos el domingo 22 con muuuchas ganas ğŸƒğŸ¼â€â™€ï¸ğŸ’œ",,,185,55,4,2025-06-10T16:00:02.179848+00:00
DDPs1xRsj5_,,,,185,15,0,2025-06-10T16:00:02.809580+00:00
DC7DHSXMXaP,Vols la nostra samarreta??,,,193,47,1,2025-06-10T16:00:04.666622+00:00
DCy4FAvMxy0,"Thereâ€™s no bad pace,
just the wrong mindset ğŸ‘ŠğŸ¼

/ foto @arnauwens /",,,197,50,0,2025-06-10T16:00:05.911782+00:00
DCrGHglMCYf,"Tag your running bestie 
ğŸ¤œğŸ¼ğŸ¤›ğŸ¼

/ Foto @arnauwens /",,,200,102,6,2025-06-10T16:00:15.101174+00:00
DCl79JgsPeW,"Running is empowering ğŸ’ªğŸ¼ğŸ’œ

/ Foto @arnauwens /",,,202,46,2,2025-06-10T16:00:16.426731+00:00
DCWdQKJMH7C,,,,208,23,0,2025-06-10T16:00:18.053449+00:00
DCB3aL_sact,"Setmana de sortejos! ğŸ¥³ğŸ™ŒğŸ¼

Guanya dos dorsals (un per tu i un pel teu/va acompanyant) pel 9Ã¨ Circuit de Curses Populars del Pla de lâ€™Estany (Banyoles, Porqueres, CornellÃ  del Terri, CamÃ³s, Fontcoberta i SerinyÃ )! 
NomÃ©s has de:
1. Seguir a @sisterhoodrunningclub i a @ceplaestany 
2. Like a aquesta publicaciÃ³ 
3. Nombra a qui liaries per fer el circuit de les 6 curses 
(Com sempre, no val repetir persones ni nombrar a comptes falsos)

Tens fins el dia 12.11 a les 23.59h per participar! Direm els dos guanyadors el dia 13.11!

Molta sort ğŸ€",,,216,178,250,2025-06-10T16:00:19.560735+00:00
DB88bPjsEi7,"âš ï¸SORTEIG TANCATâš ï¸

HelloğŸ™‹ğŸ½â€â™€ï¸!
Tâ€™agradaria participar a la CMG by @klassmark aquest proper 17 de novembre?? 
SORTEGEM 2 DORSALS de la mÃ  de @suuntoesp ğŸ¥³ğŸ’¥ podrÃ s triar entre una de les tres distÃ ncies (50k +1300M / 20,5k +800M / 12,7k +500M)
Tâ€™ho posem molt fÃ cil, nomÃ©s has de: 

1. Seguir a @sisterhoodrunningclub @suuntoesp i @klassmark 
2. Nombrar a una persona amb qui tâ€™agradaria cÃ³rrer la cursa 

El sorteig es tancarÃ  el dia 7 a les 23:59h i el divendres dia 8 direm els dos guanyadors/es!",,,218,102,167,2025-06-10T16:00:24.457675+00:00
DBrD25tsIeM,"Brunch post run ğŸ™ŒğŸ¼ with @air_nuts 

@myfoodxevents",,,225,58,4,2025-06-10T16:00:25.767778+00:00
DBeVNFrMXzo,"El prÃ²xim dissabte 16 de novembre, Nari-nant Social Run & Sisterhood Running Club organitzen un esdeveniment a espai Casa Sabater, on es combinaran el running i la nutriciÃ³ esportiva amb la nutricionista Laia Vinyals de Nutrivinyi. ğŸŒ¸

Ã‰s una trobada oberta a tothom qui estigui interessat en el running, la nutriciÃ³ esportiva, perÃ² sobretot estÃ  pensada per poder passar una bona estona compartint la nostra passiÃ³. 

A continuaciÃ³ detallem els aspectes importants de lâ€™esdeveniment:

ğŸ“… Data i hora:

â€¢	Dissabte, 16 de novembre de 2024
â€¢	Horari: 10:00 AM - 13 AM

ğŸ“ Lloc:

â€¢	espai Casa Sabater, Girona	
Un oasis urbÃ  al cor de de la ciutat de Girona.

AquÃ­ ens reunirem, i tambÃ© podrem deixar les coses que no necessitem a lâ€™hora de cÃ³rrer. I tambÃ© Ã©s on farem la xerrada sobre nutriciÃ³ esportiva de la mÃ  de Laia Vinyals @nutrivinyi , mentre preparem i degustem un sÃºper esmorzar, acabant amb una ronda de preguntes. 

ğŸƒâ€â™€ï¸ğŸƒâ€â™‚ï¸ Social Run:

â€¢	DistÃ ncia: 6,5 km aprox
Un recorregut ideal per a tots els nivells, amb un ritme aproximat de 5:45 min/km â€“ 6:00min/km. Es tracta dâ€™una activitat social que promou lâ€™esport en comunitat. Lâ€™objectiu Ã©s gaudir de cÃ³rrer junts, compartir lâ€™experiÃ¨ncia i passar una bona estona. 

â€¢	ParticipaciÃ³:
Tothom Ã©s benvingut! Lâ€™esdeveniment estÃ  obert a tothom. 
Preu: 15 euros/persona (inclou: lloguer de lâ€™espai, nutricionista, el menjar que es prepararÃ  durant la xerrada i fotÃ²graf). 

â€¢	Inscripcions: Link in bio

ğŸ½ï¸ NutriciÃ³ Esportiva (Nutrivinyi):
Es realitzarÃ  una sessiÃ³ informativa centrada en la nutriciÃ³ esportiva enfocat amb el running. Aquesta xerrada serÃ  dirigida per la nutricionista Laia Vinyals, que oferirÃ  una assessorament nutricional per a esportistes mentre preparem i degustem un esmorzar healthy.

Tâ€™apuntes? ğŸ™ƒ",,,229,191,7,2025-06-10T16:00:27.962707+00:00
DBeFqwusRPT,,,,230,21,0,2025-06-10T16:00:29.398533+00:00
DA8leCvsunP,Everything is hard before it gets easy ğŸ’ªğŸ¼,,,243,74,3,2025-06-10T16:00:34.585538+00:00
DA6nwYdoFdO,"SÃšPER AGRADECIDA de que @sisterhoodrunningclub contase conmigo el pasado domingo para dar una clase de pilates a un GRUPAZO de runners ğŸƒğŸ¼â€â™€ï¸ y ciclistas ğŸš´ğŸ¼â€â™€ï¸ en Campllong

Deporte, naturaleza, comunidad, brunch, sorpresas y muy buena energÃ­a 

Moltes grÃ cies noiesğŸ¤ @nis_de_anais @carlota.d.r @ggumbau11",,,243,131,7,2025-06-10T16:00:35.826802+00:00
DAYJfefsMho,Own your slow before you find your fast ğŸ‘ŠğŸ¼,,,257,52,0,2025-06-10T16:00:38.263839+00:00
DADmcDaMBhT,"I avui, un dimecres mÃ©s amb Sisterhood! Tâ€™apuntes??",,,265,32,0,2025-06-10T16:00:41.333323+00:00
C_NfIUns2N9,A punt per tornar als #dimecres de Sisterhood??,,,286,48,0,2025-06-10T16:00:43.305765+00:00
C-xI73wMlwm,"Summer run = happy run â˜€ï¸
@zelhotels",,,297,61,2,2025-06-10T16:00:46.129735+00:00
C-K61tlsL9c,"I per tu, quÃ¨ Ã©s #Sisterhood?
ğŸ’œ

#running #girona #runninggirona #gironarunning #runninggirl #comunity #runningclub",,,312,110,12,2025-06-10T16:00:48.698786+00:00
C-IBXAjMml1,Summer runs = blurred runs,,,313,30,0,2025-06-10T16:00:50.848923+00:00
C9wxCfasXCA,"Com sempre, diumenge va ser un dia ğŸ”! 
Vam unir run ğŸƒğŸ½â€â™€ï¸ i bici ğŸš´ğŸ½â€â™€ï¸, amb uns bons estiraments ğŸ§˜ğŸ½â€â™€ï¸ de la mÃ  de la @bego_womancare i el millor recovery grÃ cies a la @marionafalco ğŸ°ğŸ‰, tot aixÃ² a lâ€™ @eclectic.emporda , un hortet amb molt dâ€™encant al poble de Monells.

I aixÃ­ vam donar la benvinguda a les vacances â›±ï¸â˜€ï¸!
Ens veiem al setembre noies! Bon estiu ğŸ’œ",,,322,135,6,2025-06-10T16:00:57.059830+00:00
C9mbIzWMsk3,,,,326,27,0,2025-06-10T16:00:59.605532+00:00
C9ecgGKseu0,ğŸ«¶ğŸ¼,,,329,53,3,2025-06-10T16:01:01.019148+00:00
C9XoK4jM7II,"Parem, 
fem uns riures i seguim! ğŸ˜",,,331,74,0,2025-06-10T16:01:02.973080+00:00
C9PW8DPs45Z,"Summer runs! ğŸ”¥

ğŸ“¸ @ainaponsf",,,335,48,2,2025-06-10T16:01:04.499587+00:00
C9Io6D1sACq,"Run&Girobeer!
Millor pla, impossible! 
ğŸƒğŸ½â€â™€ï¸ğŸ»",,,337,121,5,2025-06-10T16:01:10.557615+00:00
C9Fm_bEsJQ8,"La recuperaciÃ³ Ã©s tant o mÃ©s important que el mateix entrenament. 
âœğŸ¼ Apunta aquests tips per una bona recuperaciÃ³: alimentaâ€™t bÃ© ğŸ¥‘ğŸ—, fes vida social ğŸ‘¯â€â™€ï¸, exposaâ€™t una estoneta al solâ˜€ï¸, hidrataâ€™t bÃ©ğŸ¥¤, meditağŸ§˜ğŸ½â€â™€ï¸, respira i agafa aire i descansa bÃ© ğŸ˜´.
A part, tambÃ© podem fer una recuperaciÃ³ activa desprÃ©s de dies dâ€™entrenament durs, o post cursa, com per exemple: fer exercicis de baix impacte com ciclismeğŸš´ğŸ½â€â™€ï¸, remğŸš£ğŸ½â€â™€ï¸ o elÂ·lÃ­ptica, els exercicis de forÃ§a amb un pes lleuger (un 30% menys del que fas habitualment) ğŸ‹ğŸ½â€â™€ï¸, practica ioga ğŸ¤¸ğŸ¼â€â™€ï¸, nataciÃ³ ğŸŠğŸ½â€â™€ï¸ o camina ğŸš¶ğŸ¾â€â™€ï¸",,,338,18,1,2025-06-10T16:01:11.835032+00:00
C8zF4AXMqP2,"CafÃ¨ i riures pre run! 

@zelhotels 
@ainaponsf",,,346,51,1,2025-06-10T16:01:14.270771+00:00
C8zEhkoMaHy,"ğŸ’¦ğŸ¶

@zelhotels
@ainaponsf",,,346,32,0,2025-06-10T16:01:15.270992+00:00
C8pLUuOs5KF,"3, 2, 1
GOO!

@ainaponsf",,,350,50,0,2025-06-10T16:01:16.097590+00:00
C8XXDNasUzB,"Recap dâ€™un dia perfecte a @zelhotels ğŸ’œğŸŒŠ

CafÃ¨ de benvinguda amb @cafedefinca.eu , trail & fun run pel camÃ­ de ronda, welcome pack amb @haanready @lifepro_oficial & @myfoodxevents , ioga amb la @sarajuan__ i que necessari, seguim amb un healthy brunch i una ronda de Q&A amb @thehappyavocadooo i @sportyhangover! I acabem el dia de la millor manera amb una mica de platja i piscina!",,,356,185,15,2025-06-10T16:01:17.324093+00:00
C8KQBx7MyO7,ğŸ¤ŒğŸ¼,,,362,31,0,2025-06-10T16:01:18.069032+00:00
C8KL3dmsOWD,"Running is happiness! ğŸ™ŒğŸ¼

#salomon #salomongenesis @tradeinnofficial @runnerinn.official",,,362,116,6,2025-06-10T16:01:24.948722+00:00
C8FCQ6sMFZy,Del test de les noves #salomongenesis ğŸ‘Ÿ amb @runnerinn.official @tradeinnofficial,,,364,115,3,2025-06-10T16:01:26.886578+00:00
C79cmipMaD5,"Crewâœ¨ 

Test de @salomon amb @tradeinnofficial @runnerinn.official",,,367,63,1,2025-06-10T16:01:29.278260+00:00
C7mU2lhNVXY,Golden hour run ğŸŒ…,,,375,128,0,2025-06-10T16:01:30.129680+00:00
C7mT9KvNWtt,,,,375,25,0,2025-06-10T16:01:30.682208+00:00
C7UOPSWtBPK,"Els divendres de #trailrunning â›°ï¸ğŸƒğŸ½â€â™€ï¸
Tâ€™apuntes??",,,383,72,2,2025-06-10T16:01:32.863057+00:00
C7Mr24QMCgE,Les sortides improvitzades de diumenge!,,,385,39,2,2025-06-10T16:01:37.982761+00:00
C7EUUFdMk6P,El plaer de correr al costat del mar!,,,389,47,2,2025-06-10T16:01:39.908892+00:00
C66JkIDsRfL,"Sunday run EmpordÃ !

Ahir vam fer una sortida des de lâ€™Escala fins a EmpÃºries i tornar, acabant amb un esmorzar al @itscoffeetime_lescala âš¡ï¸
MatÃ­ de diumenge molt toop!",,,393,54,2,2025-06-10T16:01:41.182041+00:00
C60y-a4sGKu,,,,395,21,0,2025-06-10T16:01:42.508547+00:00
C6ojMM_My3i,ğŸ•ºğŸ½ğŸ™ŒğŸ¼ğŸª©,,,399,65,0,2025-06-10T16:01:43.073077+00:00
C6oi-jms7lX,Community ğŸ’œ,,,399,89,2,2025-06-10T16:01:44.645251+00:00
C6jGPW2M39W,"Recap dâ€™un abril ple de curses, quilÃ²metres i somriures! 

1. Lâ€™ @anais_tradeinn i la @carlota.d.r a la 10k de la @maratondemadrid 
2. La @silviaaaapg tambÃ© a la 10k de la MaratÃ³ de Madrid.
3. La @maarta__g al podi de la @maratoempuries ! 5a classificada femenina i 3a de categoria ğŸ…a la mitja maratÃ³. 
4. La @maarta__g amb la seva merescuda copa! Enhorabona cuca! 
5. La @marinafabri3 i la seva compi a la Mitja MaratÃ³ dâ€™EmpÃºries! 
6. La @claudia_tarradas i la @judittarradas als 10k de la MaratÃ³ dâ€™EmpÃºries
7. Seguim amb la MaratÃ³ dâ€™EmpÃºries amb la @paula.biosca @martacos95 @lauuraverges @neuscasalsd @mcostade @mmarta.ra 
8. La @sonia.samper (2a classificada femenina a la 5k ğŸ…, vinguent dâ€™una lesiÃ³ que lâ€™ha aturat unes setmanes) la @paulamanjon @elia.rigau @flor_ssilva i @isa_midwife a la @cursa_montilivi 
9. La @ggumbau11 i lâ€™ @aura_viladelbosch a la cursa del Pinxo & el Panxo! Representant Sisterhood en el mÃ³n del trail running.",,,402,117,11,2025-06-10T16:01:47.634573+00:00
C6G_UpnsQld,Els Dimecres amb Sisterhood ğŸ’œ,,,413,43,0,2025-06-10T16:01:50.161935+00:00
C6G-_VWsVMW,,,,413,20,0,2025-06-10T16:01:56.440990+00:00
C55qdMUMQ9n,Girona vibes! ğŸ™ŒğŸ¼,,,418,76,2,2025-06-10T16:02:00.242709+00:00
C53CmZ5s1iG,GrÃ cies a @linwoods_espana i a @myfoodxevents per les mostres de llavors que ens van fer arribar per celebrar el primer aniversari de Sisterhood ğŸ¦ğŸ’œ,,,419,44,2,2025-06-10T16:02:02.022477+00:00
C50_FBfsyiq,ğŸ’œğŸª»,,,420,89,4,2025-06-10T16:02:03.020004+00:00
C5yDqNUsd-S,"Un breu resum del que va ser la sortida dâ€™ahir per celebrar el primer aniversari de Sisterhood RC ğŸ™ŒğŸ¼ğŸ¥³

Vam comenÃ§ar fent un run chill per Sant Daniel, vam anar a esmorzar al @verd_girona i per acabar uns regalets per totes grÃ cies a @linwoods_espana i @myfoodxevents ğŸƒğŸ½â€â™€ï¸â˜•ï¸",,,421,65,5,2025-06-10T16:02:05.714794+00:00
C5qKDdTsNOO,,,,424,19,0,2025-06-10T16:02:07.398494+00:00
C5qJPClsCzV,"De diumenge passat a la @21kpladelestany âœŒğŸ¼ğŸ˜

ğŸ“¸ @silvia_puig.vermeia1973r",,,424,63,1,2025-06-10T16:02:08.361008+00:00
C5inFvqMEio,"Algunes Sisterhood tambÃ© van anar a cÃ³rrer la Mitja MaratÃ³ de Praga @runczech ğŸ…

Enhorabona noies ğŸ’œğŸ™ŒğŸ¼

#allrunnersarebeautiful",,,427,71,2,2025-06-10T16:02:09.111776+00:00
C5ilnEBMUEZ,TambÃ© vam estar a la @mediomaratonmadrid ğŸƒğŸ½â€â™€ï¸ğŸ™ŒğŸ¼,,,427,42,0,2025-06-10T16:02:11.352142+00:00
C5iYJmasJFf,"De diumenge passat a la @21kpladelestany ğŸ…
Trobar-nos abans de sortir, escalfar i sortir juntes, donar-nos suport durant la cursa, i acabar juntes, Ã©s la millor manera de fer una carrera! 
ğŸ’œğŸ’œ
(A les fotos ens falten Sisters ğŸ˜©)",,,427,71,0,2025-06-10T16:02:13.037233+00:00
C5gaarFM0w4,ğŸ’”,,,427,26,0,2025-06-10T16:02:20.012626+00:00
C5bI-9CsAP1,"Avui a la presentaciÃ³ de la nova SPEED CAP i la colÂ·lecciÃ³ de running de @buffofficial ğŸ§¢
Hem fet una ruta de trail per Girona i una xerrada amb la @nuriapicasoficial ğŸ‘ŒğŸ¼
GrÃ cies @athleticaffair ğŸ™ŒğŸ¼ com sempre un esdeveniment molt top! ğŸ’¥",,,430,31,0,2025-06-10T16:02:21.404992+00:00
C5UCS-psZOy,"Avui al Testday de @runnerinn.official per provar les noves Novablast 4 dâ€™ @asicsrunning 
ğŸƒğŸ½â€â™€ï¸ğŸ’œğŸ‘Ÿ",,,432,116,8,2025-06-10T16:02:25.134858+00:00
C40J9NdsU6g,"Algunes de nosaltres estem preparant la @21kpladelestany ğŸƒğŸ¼â€â™€ï¸ğŸƒğŸ½â€â™€ï¸ 
Quin Ã©s el teu prÃ²xim objectiu? ğŸ…",,,445,42,1,2025-06-10T16:02:29.183214+00:00
