EVENTO,TIPO_ACTIVIDAD
Afterwork Run By Dash And Stars,otro
Dash And Stars Run,otro
Dimecres Morning Run  Cet,otro
Els Dimecres Amb Sisterhood,otro
Lace Up Run,otro
Los Jueves Con Sh Elche,otro
Los Jueves De Sisterhood Elche,otro
New Year Runbreakfast,otro
Planazo Pre Vacances,otro
Pre Xmas Runbrunch Elche,otro
Primer Sisterhood Trail,otro
Run Girobeer,otro
Run Pel Dia De La Dona,otro
Rundeo By Primetime I Sisterhood,otro
Runlearn,otro
Runtrust,otro
Sisterhood Codepilates,otro
Sisterhood Trail,otro
Sisterhood X Zel Hotels,otro
Sisterhood Xmas Event,otro
Sunday Run,otro
Sunday Run Emporda,otro
Sunkissed Run By Dash And Stars,otro
