url,fecha,tipo,texto,hashtags,likes,comentarios
https://www.instagram.com/voltarunclub/p/DJzQ8xeNdlc/,2025-05-18T16:06:37.000Z,video,,,231 Me gusta,15
https://www.instagram.com/voltarunclub/p/DIZAoh8tzqA/,2025-04-13T14:52:24.000Z,imagen,,,193 Me gusta,13
https://www.instagram.com/voltarunclub/p/DH-0FPzNnay/,2025-04-03T10:42:28.000Z,imagen,,,2 Me gusta,10
https://www.instagram.com/voltarunclub/p/DI1PiASNRDI/,2025-04-24T14:29:09.000Z,video,,,303 Me gusta,12
https://www.instagram.com/voltarunclub/p/DIHBYelNEWi/,2025-04-06T16:59:44.000Z,video,,,250 Me gusta,15
https://www.instagram.com/voltarunclub/p/DH1EsVUNhKZ/,2025-03-30T15:58:52.000Z,video,,,158 Me gusta,16
https://www.instagram.com/voltarunclub/p/DGnVh1BNNuM/,2025-02-28T11:24:04.000Z,imagen,,,167 Me gusta,8
https://www.instagram.com/voltarunclub/p/DI3Z8HGNSp-/,2025-04-25T10:10:44.000Z,imagen,,,144 Me gusta,12
https://www.instagram.com/voltarunclub/p/DJb9mXpMP-a/,2025-05-09T14:55:00.000Z,imagen,,,227 Me gusta,8
https://www.instagram.com/voltarunclub/p/DJhPq_mtXel/,2025-05-11T16:09:07.000Z,video,,,167 Me gusta,9
